source_file,model,imagery,backbone,license_split,protocol,country,n_patches,pq,sq,rq,f1_5_95,poly_count_delta_mean,poly_count_delta_p50,bnd_err_mean_m,bnd_err_p95_m
planet_b3_augmax_full.csv,PRUE-FTP-B3-augmax,planet,efficientnet-b3,full,heldout_11country,belgium,146,0.517369,0.807967,0.640335,0.426038,7.7192,6.0000,4.8101,14.5122
planet_b3_augmax_full.csv,PRUE-FTP-B3-augmax,planet,efficientnet-b3,full,heldout_11country,cambodia,16,0.189121,0.682150,0.277242,0.115218,345.4375,322.0000,5.2318,10.3416
planet_b3_augmax_full.csv,PRUE-FTP-B3-augmax,planet,efficientnet-b3,full,heldout_11country,croatia,349,0.348061,0.742957,0.468481,0.251119,11.3610,6.0000,5.6276,14.3937
planet_b3_augmax_full.csv,PRUE-FTP-B3-augmax,planet,efficientnet-b3,full,heldout_11country,germany,252,0.322275,0.798646,0.403528,0.261785,5.3968,2.0000,16.1605,57.0885
planet_b3_augmax_full.csv,PRUE-FTP-B3-augmax,planet,efficientnet-b3,full,heldout_11country,kenya,47,0.000000,0.000000,0.000000,0.000000,1.8936,1.0000,nan,nan
planet_b3_augmax_full.csv,PRUE-FTP-B3-augmax,planet,efficientnet-b3,full,heldout_11country,latvia,703,0.487936,0.837147,0.582856,0.421980,3.8834,2.0000,7.3194,24.0836
planet_b3_augmax_full.csv,PRUE-FTP-B3-augmax,planet,efficientnet-b3,full,heldout_11country,lithuania,403,0.449104,0.809938,0.554492,0.371794,7.1439,4.0000,6.4759,22.0345
planet_b3_augmax_full.csv,PRUE-FTP-B3-augmax,planet,efficientnet-b3,full,heldout_11country,portugal,2,0.004799,0.722222,0.006645,0.003322,141.5000,141.5000,5.6963,5.6963
planet_b3_augmax_full.csv,PRUE-FTP-B3-augmax,planet,efficientnet-b3,full,heldout_11country,slovenia,214,0.240759,0.732780,0.328556,0.169625,28.1729,18.0000,4.8594,12.1465
planet_b3_augmax_full.csv,PRUE-FTP-B3-augmax,planet,efficientnet-b3,full,heldout_11country,south_africa,43,0.506998,0.841360,0.602593,0.442563,3.8372,2.0000,10.0270,36.8579
planet_b3_augmax_full.csv,PRUE-FTP-B3-augmax,planet,efficientnet-b3,full,heldout_11country,sweden,416,0.495458,0.832352,0.595250,0.425696,3.8510,2.0000,7.3621,24.8759
planet_b3_augmax_ccby.csv,PRUE-FTP-B3-augmax,planet,efficientnet-b3,ccby,heldout_11country,belgium,146,0.420279,0.804786,0.522225,0.344355,13.8082,11.0000,5.1015,15.4272
planet_b3_augmax_ccby.csv,PRUE-FTP-B3-augmax,planet,efficientnet-b3,ccby,heldout_11country,cambodia,16,0.133997,0.652073,0.205493,0.073161,399.6875,331.0000,6.1456,11.0583
planet_b3_augmax_ccby.csv,PRUE-FTP-B3-augmax,planet,efficientnet-b3,ccby,heldout_11country,croatia,349,0.207067,0.734768,0.281813,0.146706,23.9370,14.0000,6.8234,19.3731
planet_b3_augmax_ccby.csv,PRUE-FTP-B3-augmax,planet,efficientnet-b3,ccby,heldout_11country,germany,252,0.312315,0.807325,0.386851,0.257756,5.5992,2.0000,16.6200,56.6402
planet_b3_augmax_ccby.csv,PRUE-FTP-B3-augmax,planet,efficientnet-b3,ccby,heldout_11country,kenya,47,0.006478,0.627068,0.010331,0.003099,18.0000,3.0000,9.9906,14.1417
planet_b3_augmax_ccby.csv,PRUE-FTP-B3-augmax,planet,efficientnet-b3,ccby,heldout_11country,latvia,703,0.424146,0.834455,0.508291,0.365978,4.5548,3.0000,8.4923,28.0777
planet_b3_augmax_ccby.csv,PRUE-FTP-B3-augmax,planet,efficientnet-b3,ccby,heldout_11country,lithuania,403,0.381088,0.811959,0.469344,0.316696,7.9156,4.0000,6.9490,24.4544
planet_b3_augmax_ccby.csv,PRUE-FTP-B3-augmax,planet,efficientnet-b3,ccby,heldout_11country,portugal,2,0.000000,0.000000,0.000000,0.000000,146.0000,146.0000,nan,nan
planet_b3_augmax_ccby.csv,PRUE-FTP-B3-augmax,planet,efficientnet-b3,ccby,heldout_11country,slovenia,214,0.192776,0.732447,0.263194,0.135431,26.5327,18.0000,5.0998,12.6065
planet_b3_augmax_ccby.csv,PRUE-FTP-B3-augmax,planet,efficientnet-b3,ccby,heldout_11country,south_africa,43,0.469941,0.843813,0.556925,0.412908,5.0465,2.0000,9.2631,32.9157
planet_b3_augmax_ccby.csv,PRUE-FTP-B3-augmax,planet,efficientnet-b3,ccby,heldout_11country,sweden,416,0.456182,0.837062,0.544980,0.394985,6.4639,4.0000,8.1204,26.6745
planet_b7_augmax_ccby.csv,PRUE-FTP-B7-augmax,planet,efficientnet-b7,ccby,heldout_11country,belgium,146,0.424729,0.799715,0.531101,0.345192,12.5411,10.0000,5.0139,14.6646
planet_b7_augmax_ccby.csv,PRUE-FTP-B7-augmax,planet,efficientnet-b7,ccby,heldout_11country,cambodia,16,0.125654,0.636772,0.197331,0.063962,383.3750,330.5000,6.5865,11.9195
planet_b7_augmax_ccby.csv,PRUE-FTP-B7-augmax,planet,efficientnet-b7,ccby,heldout_11country,croatia,349,0.250424,0.738687,0.339012,0.179220,19.4842,11.0000,6.4144,18.0479
planet_b7_augmax_ccby.csv,PRUE-FTP-B7-augmax,planet,efficientnet-b7,ccby,heldout_11country,germany,252,0.297819,0.805222,0.369859,0.245156,5.8294,2.0000,17.5709,61.2001
planet_b7_augmax_ccby.csv,PRUE-FTP-B7-augmax,planet,efficientnet-b7,ccby,heldout_11country,kenya,47,0.004070,0.656857,0.006197,0.002169,25.4681,2.0000,9.5960,14.1191
planet_b7_augmax_ccby.csv,PRUE-FTP-B7-augmax,planet,efficientnet-b7,ccby,heldout_11country,latvia,703,0.429064,0.834617,0.514085,0.370308,4.3115,3.0000,7.8805,27.8836
planet_b7_augmax_ccby.csv,PRUE-FTP-B7-augmax,planet,efficientnet-b7,ccby,heldout_11country,lithuania,403,0.403150,0.810913,0.497156,0.334161,6.9553,4.0000,6.6100,23.4856
planet_b7_augmax_ccby.csv,PRUE-FTP-B7-augmax,planet,efficientnet-b7,ccby,heldout_11country,portugal,2,0.000000,0.000000,0.000000,0.000000,146.0000,146.0000,nan,nan
planet_b7_augmax_ccby.csv,PRUE-FTP-B7-augmax,planet,efficientnet-b7,ccby,heldout_11country,slovenia,214,0.211206,0.737507,0.286379,0.150591,23.7897,15.0000,4.8401,11.7185
planet_b7_augmax_ccby.csv,PRUE-FTP-B7-augmax,planet,efficientnet-b7,ccby,heldout_11country,south_africa,43,0.467743,0.847107,0.552165,0.410930,5.4651,3.0000,8.9860,31.7970
planet_b7_augmax_ccby.csv,PRUE-FTP-B7-augmax,planet,efficientnet-b7,ccby,heldout_11country,sweden,416,0.449955,0.835872,0.538306,0.388549,6.6010,4.0000,8.0892,27.2342
planet_b3_sdf_augmax_ccby.csv,PRUE-FTP-B3-augmax-SDF,planet,efficientnet-b3,ccby,heldout_11country,belgium,146,0.394592,0.801692,0.492199,0.322033,13.7123,11.0000,5.2094,15.2741
planet_b3_sdf_augmax_ccby.csv,PRUE-FTP-B3-augmax-SDF,planet,efficientnet-b3,ccby,heldout_11country,cambodia,16,0.108067,0.647557,0.166884,0.057694,439.0000,384.0000,6.1084,11.0843
planet_b3_sdf_augmax_ccby.csv,PRUE-FTP-B3-augmax-SDF,planet,efficientnet-b3,ccby,heldout_11country,croatia,349,0.213351,0.732370,0.291316,0.150238,19.8567,11.0000,6.3878,17.3716
planet_b3_sdf_augmax_ccby.csv,PRUE-FTP-B3-augmax-SDF,planet,efficientnet-b3,ccby,heldout_11country,germany,252,0.272450,0.806634,0.337762,0.224936,5.4365,2.0000,17.3430,56.0696
planet_b3_sdf_augmax_ccby.csv,PRUE-FTP-B3-augmax-SDF,planet,efficientnet-b3,ccby,heldout_11country,kenya,47,0.005546,0.703664,0.007882,0.003744,19.3404,1.0000,8.3978,14.5651
planet_b3_sdf_augmax_ccby.csv,PRUE-FTP-B3-augmax-SDF,planet,efficientnet-b3,ccby,heldout_11country,latvia,703,0.414475,0.828653,0.500179,0.354536,4.0071,2.0000,8.4170,27.8192
planet_b3_sdf_augmax_ccby.csv,PRUE-FTP-B3-augmax-SDF,planet,efficientnet-b3,ccby,heldout_11country,lithuania,403,0.383061,0.807052,0.474642,0.315866,7.3747,4.0000,7.0898,24.4444
planet_b3_sdf_augmax_ccby.csv,PRUE-FTP-B3-augmax-SDF,planet,efficientnet-b3,ccby,heldout_11country,portugal,2,0.000000,0.000000,0.000000,0.000000,145.5000,145.5000,nan,nan
planet_b3_sdf_augmax_ccby.csv,PRUE-FTP-B3-augmax-SDF,planet,efficientnet-b3,ccby,heldout_11country,slovenia,214,0.199886,0.725397,0.275554,0.138236,23.5981,16.0000,5.0522,12.1345
planet_b3_sdf_augmax_ccby.csv,PRUE-FTP-B3-augmax-SDF,planet,efficientnet-b3,ccby,heldout_11country,south_africa,43,0.431502,0.839847,0.513786,0.375790,6.0233,3.0000,9.4275,35.4624
planet_b3_sdf_augmax_ccby.csv,PRUE-FTP-B3-augmax-SDF,planet,efficientnet-b3,ccby,heldout_11country,sweden,416,0.433545,0.828349,0.523385,0.369977,6.2524,3.0000,8.6283,28.1369
planet_b3_augmax_full_22.csv,PRUE-FTP-B3-augmax,planet,efficientnet-b3,full,full_data_23region,austria,445,0.395451,0.775318,0.51005,0.306376,27.7258,10.0,4.7371,12.3284
planet_b3_augmax_full_22.csv,PRUE-FTP-B3-augmax,planet,efficientnet-b3,full,full_data_23region,belgium,146,0.517369,0.807967,0.640335,0.426038,7.7192,6.0,4.8101,14.5122
planet_b3_augmax_full_22.csv,PRUE-FTP-B3-augmax,planet,efficientnet-b3,full,full_data_23region,brazil,187,0.484844,0.887654,0.546209,0.450711,2.4599,1.0,24.5018,89.3057
planet_b3_augmax_full_22.csv,PRUE-FTP-B3-augmax,planet,efficientnet-b3,full,full_data_23region,cambodia,16,0.189121,0.68215,0.277242,0.115218,345.4375,322.0,5.2318,10.3416
planet_b3_augmax_full_22.csv,PRUE-FTP-B3-augmax,planet,efficientnet-b3,full,full_data_23region,corsica,163,0.187109,0.804569,0.232558,0.152658,3.4847,0.0,9.1246,27.9284
planet_b3_augmax_full_22.csv,PRUE-FTP-B3-augmax,planet,efficientnet-b3,full,full_data_23region,croatia,349,0.348061,0.742957,0.468481,0.251119,11.361,6.0,5.6276,14.3937
planet_b3_augmax_full_22.csv,PRUE-FTP-B3-augmax,planet,efficientnet-b3,full,full_data_23region,denmark,281,0.602646,0.865258,0.696492,0.544478,3.3274,2.0,6.4158,23.7486
planet_b3_augmax_full_22.csv,PRUE-FTP-B3-augmax,planet,efficientnet-b3,full,full_data_23region,estonia,445,0.425017,0.839016,0.506566,0.368843,3.8225,2.0,8.4676,28.106
planet_b3_augmax_full_22.csv,PRUE-FTP-B3-augmax,planet,efficientnet-b3,full,full_data_23region,finland,359,0.561553,0.830246,0.67637,0.480771,3.6379,2.0,5.2035,16.7259
planet_b3_augmax_full_22.csv,PRUE-FTP-B3-augmax,planet,efficientnet-b3,full,full_data_23region,france,275,0.49871,0.831989,0.599418,0.428346,7.9964,5.0,7.7822,29.1467
planet_b3_augmax_full_22.csv,PRUE-FTP-B3-augmax,planet,efficientnet-b3,full,full_data_23region,germany,252,0.322275,0.798646,0.403528,0.261785,5.3968,2.0,16.1605,57.0885
planet_b3_augmax_full_22.csv,PRUE-FTP-B3-augmax,planet,efficientnet-b3,full,full_data_23region,latvia,703,0.487936,0.837147,0.582856,0.42198,3.8834,2.0,7.3194,24.0836
planet_b3_augmax_full_22.csv,PRUE-FTP-B3-augmax,planet,efficientnet-b3,full,full_data_23region,lithuania,403,0.449104,0.809938,0.554492,0.371794,7.1439,4.0,6.4759,22.0345
planet_b3_augmax_full_22.csv,PRUE-FTP-B3-augmax,planet,efficientnet-b3,full,full_data_23region,luxembourg,66,0.41144,0.779742,0.527661,0.32233,16.803,15.0,6.617,21.4839
planet_b3_augmax_full_22.csv,PRUE-FTP-B3-augmax,planet,efficientnet-b3,full,full_data_23region,netherlands,253,0.453562,0.842533,0.538331,0.396387,9.7589,3.0,5.2359,17.6113
planet_b3_augmax_full_22.csv,PRUE-FTP-B3-augmax,planet,efficientnet-b3,full,full_data_23region,portugal,2,0.004799,0.722222,0.006645,0.003322,141.5,141.5,5.6963,5.6963
planet_b3_augmax_full_22.csv,PRUE-FTP-B3-augmax,planet,efficientnet-b3,full,full_data_23region,rwanda,6,0.158654,0.730132,0.217295,0.111308,38.1667,10.0,8.4897,20.9218
planet_b3_augmax_full_22.csv,PRUE-FTP-B3-augmax,planet,efficientnet-b3,full,full_data_23region,slovakia,369,0.591808,0.876735,0.675013,0.542515,2.1762,1.0,11.4286,40.0286
planet_b3_augmax_full_22.csv,PRUE-FTP-B3-augmax,planet,efficientnet-b3,full,full_data_23region,slovenia,214,0.240759,0.73278,0.328556,0.169625,28.1729,18.0,4.8594,12.1465
planet_b3_augmax_full_22.csv,PRUE-FTP-B3-augmax,planet,efficientnet-b3,full,full_data_23region,south_africa,43,0.506998,0.84136,0.602593,0.442563,3.8372,2.0,10.027,36.8579
planet_b3_augmax_full_22.csv,PRUE-FTP-B3-augmax,planet,efficientnet-b3,full,full_data_23region,spain,172,0.22784,0.724367,0.314537,0.156903,78.9709,63.0,7.074,19.4672
planet_b3_augmax_full_22.csv,PRUE-FTP-B3-augmax,planet,efficientnet-b3,full,full_data_23region,sweden,416,0.495458,0.832352,0.59525,0.425696,3.851,2.0,7.3621,24.8759
planet_b3_augmax_full_22.csv,PRUE-FTP-B3-augmax,planet,efficientnet-b3,full,full_data_23region,vietnam,21,0.162619,0.707701,0.229785,0.107154,311.2857,228.0,4.7652,10.5817
planet_b3_augmax_full_missing13.csv,PRUE-FTP-B3-augmax,planet,efficientnet-b3,full,full_data_13region,austria,445,0.395451,0.775318,0.510050,0.306376,27.7258,10.0000,4.7371,12.3284
planet_b3_augmax_full_missing13.csv,PRUE-FTP-B3-augmax,planet,efficientnet-b3,full,full_data_13region,brazil,187,0.484844,0.887654,0.546209,0.450711,2.4599,1.0000,24.5018,89.3057
planet_b3_augmax_full_missing13.csv,PRUE-FTP-B3-augmax,planet,efficientnet-b3,full,full_data_13region,corsica,163,0.187109,0.804569,0.232558,0.152658,3.4847,0.0000,9.1246,27.9284
planet_b3_augmax_full_missing13.csv,PRUE-FTP-B3-augmax,planet,efficientnet-b3,full,full_data_13region,denmark,281,0.602646,0.865258,0.696492,0.544478,3.3274,2.0000,6.4158,23.7486
planet_b3_augmax_full_missing13.csv,PRUE-FTP-B3-augmax,planet,efficientnet-b3,full,full_data_13region,estonia,445,0.425017,0.839016,0.506566,0.368843,3.8225,2.0000,8.4676,28.1060
planet_b3_augmax_full_missing13.csv,PRUE-FTP-B3-augmax,planet,efficientnet-b3,full,full_data_13region,finland,359,0.561553,0.830246,0.676370,0.480771,3.6379,2.0000,5.2035,16.7259
planet_b3_augmax_full_missing13.csv,PRUE-FTP-B3-augmax,planet,efficientnet-b3,full,full_data_13region,france,275,0.498710,0.831989,0.599418,0.428346,7.9964,5.0000,7.7822,29.1467
planet_b3_augmax_full_missing13.csv,PRUE-FTP-B3-augmax,planet,efficientnet-b3,full,full_data_13region,luxembourg,66,0.411440,0.779742,0.527661,0.322330,16.8030,15.0000,6.6170,21.4839
planet_b3_augmax_full_missing13.csv,PRUE-FTP-B3-augmax,planet,efficientnet-b3,full,full_data_13region,netherlands,253,0.453562,0.842533,0.538331,0.396387,9.7589,3.0000,5.2359,17.6113
planet_b3_augmax_full_missing13.csv,PRUE-FTP-B3-augmax,planet,efficientnet-b3,full,full_data_13region,rwanda,6,0.158654,0.730132,0.217295,0.111308,38.1667,10.0000,8.4897,20.9218
planet_b3_augmax_full_missing13.csv,PRUE-FTP-B3-augmax,planet,efficientnet-b3,full,full_data_13region,slovakia,369,0.591808,0.876735,0.675013,0.542515,2.1762,1.0000,11.4286,40.0286
planet_b3_augmax_full_missing13.csv,PRUE-FTP-B3-augmax,planet,efficientnet-b3,full,full_data_13region,spain,172,0.227840,0.724367,0.314537,0.156903,78.9709,63.0000,7.0740,19.4672
planet_b3_augmax_full_missing13.csv,PRUE-FTP-B3-augmax,planet,efficientnet-b3,full,full_data_13region,vietnam,21,0.162619,0.707701,0.229785,0.107154,311.2857,228.0000,4.7652,10.5817
s2_b3_augmax_full.csv,S2-B3-augmax,s2,efficientnet-b3,full,heldout_11country,belgium,198,0.357929,0.764372,0.468265,0.271020,13.8838,11.0000,12.1755,31.4352
s2_b3_augmax_full.csv,S2-B3-augmax,s2,efficientnet-b3,full,heldout_11country,cambodia,25,0.123044,0.611693,0.201153,0.055223,356.1200,310.0000,11.3070,18.0561
s2_b3_augmax_full.csv,S2-B3-augmax,s2,efficientnet-b3,full,heldout_11country,croatia,353,0.243962,0.693481,0.351793,0.154180,20.7139,10.0000,15.0207,32.6278
s2_b3_augmax_full.csv,S2-B3-augmax,s2,efficientnet-b3,full,heldout_11country,germany,350,0.340241,0.838431,0.405807,0.294953,6.8800,3.0000,25.2157,103.1169
s2_b3_augmax_full.csv,S2-B3-augmax,s2,efficientnet-b3,full,heldout_11country,kenya,55,0.003113,0.651126,0.004781,0.001729,95.5273,79.0000,9.9190,19.4329
s2_b3_augmax_full.csv,S2-B3-augmax,s2,efficientnet-b3,full,heldout_11country,latvia,741,0.363335,0.809059,0.449083,0.300419,5.0378,3.0000,20.3607,66.4580
s2_b3_augmax_full.csv,S2-B3-augmax,s2,efficientnet-b3,full,heldout_11country,lithuania,528,0.275681,0.779638,0.353601,0.215628,8.1799,4.0000,19.7917,65.8284
s2_b3_augmax_full.csv,S2-B3-augmax,s2,efficientnet-b3,full,heldout_11country,portugal,10,0.000000,0.000000,0.000000,0.000000,109.7000,74.5000,nan,nan
s2_b3_augmax_full.csv,S2-B3-augmax,s2,efficientnet-b3,full,heldout_11country,slovenia,228,0.162669,0.711172,0.228733,0.108446,34.1579,22.5000,11.8284,28.0349
s2_b3_augmax_full.csv,S2-B3-augmax,s2,efficientnet-b3,full,heldout_11country,south_africa,85,0.440872,0.818978,0.538319,0.371048,5.9412,4.0000,21.9820,71.9815
s2_b3_augmax_full.csv,S2-B3-augmax,s2,efficientnet-b3,full,heldout_11country,sweden,516,0.398181,0.810714,0.491148,0.329848,6.2054,4.0000,19.8533,64.2903
s2_b3_augmax_ccby.csv,S2-B3-augmax,s2,efficientnet-b3,ccby,heldout_11country,belgium,198,0.318391,0.760150,0.418853,0.239285,14.0354,12.0000,13.1519,33.3726
s2_b3_augmax_ccby.csv,S2-B3-augmax,s2,efficientnet-b3,ccby,heldout_11country,cambodia,25,0.118944,0.617062,0.192759,0.054984,378.8000,334.0000,11.4318,18.7181
s2_b3_augmax_ccby.csv,S2-B3-augmax,s2,efficientnet-b3,ccby,heldout_11country,croatia,353,0.233366,0.697746,0.334457,0.149629,20.3371,11.0000,14.7825,33.4776
s2_b3_augmax_ccby.csv,S2-B3-augmax,s2,efficientnet-b3,ccby,heldout_11country,germany,350,0.368768,0.840251,0.438879,0.321181,6.3286,2.0000,22.5014,79.3488
s2_b3_augmax_ccby.csv,S2-B3-augmax,s2,efficientnet-b3,ccby,heldout_11country,kenya,55,0.002213,0.622629,0.003554,0.001039,129.6182,137.0000,10.8113,18.1762
s2_b3_augmax_ccby.csv,S2-B3-augmax,s2,efficientnet-b3,ccby,heldout_11country,latvia,741,0.359943,0.807684,0.445648,0.296559,5.1215,3.0000,20.9983,68.6809
s2_b3_augmax_ccby.csv,S2-B3-augmax,s2,efficientnet-b3,ccby,heldout_11country,lithuania,528,0.260742,0.778128,0.335089,0.202931,8.2727,4.0000,19.7122,65.9067
s2_b3_augmax_ccby.csv,S2-B3-augmax,s2,efficientnet-b3,ccby,heldout_11country,portugal,10,0.000000,0.000000,0.000000,0.000000,110.3000,68.0000,nan,nan
s2_b3_augmax_ccby.csv,S2-B3-augmax,s2,efficientnet-b3,ccby,heldout_11country,slovenia,228,0.154106,0.699715,0.220241,0.099382,29.8421,17.0000,12.0635,28.3790
s2_b3_augmax_ccby.csv,S2-B3-augmax,s2,efficientnet-b3,ccby,heldout_11country,south_africa,85,0.394031,0.811813,0.485371,0.327382,6.8471,5.0000,23.2545,75.8617
s2_b3_augmax_ccby.csv,S2-B3-augmax,s2,efficientnet-b3,ccby,heldout_11country,sweden,516,0.368603,0.810187,0.454961,0.305459,7.7500,6.0000,21.3585,63.9991
s2_b7_augmax_full.csv,S2-B7-augmax,s2,efficientnet-b7,full,heldout_11country,belgium,198,0.430690,0.777933,0.553634,0.335815,11.1919,9.0000,11.3393,30.9753
s2_b7_augmax_full.csv,S2-B7-augmax,s2,efficientnet-b7,full,heldout_11country,cambodia,25,0.164082,0.629714,0.260565,0.080856,350.5600,324.0000,10.6913,17.8259
s2_b7_augmax_full.csv,S2-B7-augmax,s2,efficientnet-b7,full,heldout_11country,croatia,353,0.291513,0.729099,0.399826,0.203712,21.1926,11.0000,12.3692,31.4574
s2_b7_augmax_full.csv,S2-B7-augmax,s2,efficientnet-b7,full,heldout_11country,germany,350,0.394765,0.863128,0.457366,0.355925,6.5286,2.0000,19.0279,72.5072
s2_b7_augmax_full.csv,S2-B7-augmax,s2,efficientnet-b7,full,heldout_11country,kenya,55,0.002092,0.669097,0.003126,0.001250,112.9091,109.0000,11.6868,22.1600
s2_b7_augmax_full.csv,S2-B7-augmax,s2,efficientnet-b7,full,heldout_11country,latvia,741,0.388042,0.829896,0.467579,0.331888,5.1120,3.0000,18.1422,60.2917
s2_b7_augmax_full.csv,S2-B7-augmax,s2,efficientnet-b7,full,heldout_11country,lithuania,528,0.319278,0.793011,0.402615,0.256403,7.6269,4.0000,17.8240,59.5842
s2_b7_augmax_full.csv,S2-B7-augmax,s2,efficientnet-b7,full,heldout_11country,portugal,10,0.016103,0.581587,0.027687,0.005863,102.0000,78.0000,11.0587,17.6418
s2_b7_augmax_full.csv,S2-B7-augmax,s2,efficientnet-b7,full,heldout_11country,slovenia,228,0.194372,0.730146,0.266210,0.135832,32.6316,22.0000,10.3500,25.3539
s2_b7_augmax_full.csv,S2-B7-augmax,s2,efficientnet-b7,full,heldout_11country,south_africa,85,0.483898,0.823268,0.587777,0.409342,5.9176,4.0000,21.5857,74.0578
s2_b7_augmax_full.csv,S2-B7-augmax,s2,efficientnet-b7,full,heldout_11country,sweden,516,0.425466,0.820056,0.518825,0.358329,6.3721,4.0000,19.1626,63.7477
s2_b7_augmax_ccby.csv,S2-B7-augmax,s2,efficientnet-b7,ccby,heldout_11country,belgium,198,0.402052,0.776752,0.517607,0.312886,13.7778,11.0000,11.9436,31.8537
s2_b7_augmax_ccby.csv,S2-B7-augmax,s2,efficientnet-b7,ccby,heldout_11country,cambodia,25,0.110997,0.609551,0.182097,0.049207,376.5600,349.0000,11.8587,18.7514
s2_b7_augmax_ccby.csv,S2-B7-augmax,s2,efficientnet-b7,ccby,heldout_11country,croatia,353,0.227621,0.697692,0.326249,0.145555,19.4079,9.0000,14.4379,32.3057
s2_b7_augmax_ccby.csv,S2-B7-augmax,s2,efficientnet-b7,ccby,heldout_11country,germany,350,0.366869,0.855481,0.428846,0.326628,6.9914,2.0000,21.1581,87.0896
s2_b7_augmax_ccby.csv,S2-B7-augmax,s2,efficientnet-b7,ccby,heldout_11country,kenya,55,0.001870,0.673600,0.002776,0.001136,140.5636,152.0000,10.5102,20.3217
s2_b7_augmax_ccby.csv,S2-B7-augmax,s2,efficientnet-b7,ccby,heldout_11country,latvia,741,0.357544,0.817499,0.437364,0.300033,5.0540,3.0000,19.6943,64.5775
s2_b7_augmax_ccby.csv,S2-B7-augmax,s2,efficientnet-b7,ccby,heldout_11country,lithuania,528,0.258935,0.783343,0.330551,0.203851,8.4527,4.0000,19.5287,67.4163
s2_b7_augmax_ccby.csv,S2-B7-augmax,s2,efficientnet-b7,ccby,heldout_11country,portugal,10,0.000000,0.000000,0.000000,0.000000,112.0000,78.0000,nan,nan
s2_b7_augmax_ccby.csv,S2-B7-augmax,s2,efficientnet-b7,ccby,heldout_11country,slovenia,228,0.164096,0.721067,0.227574,0.112057,32.4474,18.5000,11.1446,25.3610
s2_b7_augmax_ccby.csv,S2-B7-augmax,s2,efficientnet-b7,ccby,heldout_11country,south_africa,85,0.435564,0.820062,0.531136,0.367253,5.5765,4.0000,21.3942,72.8634
s2_b7_augmax_ccby.csv,S2-B7-augmax,s2,efficientnet-b7,ccby,heldout_11country,sweden,516,0.403180,0.815803,0.494212,0.337278,6.8508,4.0000,19.5895,64.7942
s2_b7_augmax_full_22.csv,S2-B7-augmax,s2,efficientnet-b7,full,full_data_23region,austria,745,0.333629,0.774171,0.43095,0.258033,26.5221,10.0,10.5564,26.9876
s2_b7_augmax_full_22.csv,S2-B7-augmax,s2,efficientnet-b7,full,full_data_23region,belgium,198,0.43069,0.777933,0.553634,0.335815,11.1919,9.0,11.3393,30.9753
s2_b7_augmax_full_22.csv,S2-B7-augmax,s2,efficientnet-b7,full,full_data_23region,brazil,188,0.335077,0.877796,0.381725,0.306917,4.7979,3.0,41.5053,165.1366
s2_b7_augmax_full_22.csv,S2-B7-augmax,s2,efficientnet-b7,full,full_data_23region,cambodia,25,0.164082,0.629714,0.260565,0.080856,350.56,324.0,10.6913,17.8259
s2_b7_augmax_full_22.csv,S2-B7-augmax,s2,efficientnet-b7,full,full_data_23region,corsica,258,0.091417,0.782191,0.116874,0.072316,3.314,0.0,17.8662,43.3635
s2_b7_augmax_full_22.csv,S2-B7-augmax,s2,efficientnet-b7,full,full_data_23region,croatia,353,0.291513,0.729099,0.399826,0.203712,21.1926,11.0,12.3692,31.4574
s2_b7_augmax_full_22.csv,S2-B7-augmax,s2,efficientnet-b7,full,full_data_23region,denmark,332,0.49878,0.845036,0.590248,0.436609,5.1295,4.0,16.8784,59.1277
s2_b7_augmax_full_22.csv,S2-B7-augmax,s2,efficientnet-b7,full,full_data_23region,estonia,684,0.425125,0.850251,0.5,0.375358,3.9444,2.0,17.2985,58.2004
s2_b7_augmax_full_22.csv,S2-B7-augmax,s2,efficientnet-b7,full,full_data_23region,finland,588,0.488515,0.806234,0.605922,0.401428,6.2772,4.0,14.4109,44.1528
s2_b7_augmax_full_22.csv,S2-B7-augmax,s2,efficientnet-b7,full,full_data_23region,france,396,0.480134,0.817626,0.587229,0.402749,8.4621,6.0,16.2258,55.8936
s2_b7_augmax_full_22.csv,S2-B7-augmax,s2,efficientnet-b7,full,full_data_23region,germany,350,0.394765,0.863128,0.457366,0.355925,6.5286,2.0,19.0279,72.5072
s2_b7_augmax_full_22.csv,S2-B7-augmax,s2,efficientnet-b7,full,full_data_23region,latvia,741,0.388042,0.829896,0.467579,0.331888,5.112,3.0,18.1422,60.2917
s2_b7_augmax_full_22.csv,S2-B7-augmax,s2,efficientnet-b7,full,full_data_23region,lithuania,528,0.319278,0.793011,0.402615,0.256403,7.6269,4.0,17.824,59.5842
s2_b7_augmax_full_22.csv,S2-B7-augmax,s2,efficientnet-b7,full,full_data_23region,luxembourg,84,0.264667,0.765289,0.345839,0.20075,36.2857,33.5,13.4589,34.5653
s2_b7_augmax_full_22.csv,S2-B7-augmax,s2,efficientnet-b7,full,full_data_23region,netherlands,388,0.254577,0.810599,0.31406,0.211038,10.3557,6.0,13.9834,39.1838
s2_b7_augmax_full_22.csv,S2-B7-augmax,s2,efficientnet-b7,full,full_data_23region,portugal,10,0.016103,0.581587,0.027687,0.005863,102.0,78.0,11.0587,17.6418
s2_b7_augmax_full_22.csv,S2-B7-augmax,s2,efficientnet-b7,full,full_data_23region,rwanda,7,0.061946,0.685992,0.090301,0.03796,128.2857,124.0,16.1727,38.5391
s2_b7_augmax_full_22.csv,S2-B7-augmax,s2,efficientnet-b7,full,full_data_23region,slovakia,408,0.504007,0.867679,0.580868,0.456539,3.598,2.0,24.6614,94.0258
s2_b7_augmax_full_22.csv,S2-B7-augmax,s2,efficientnet-b7,full,full_data_23region,slovenia,228,0.194372,0.730146,0.26621,0.135832,32.6316,22.0,10.35,25.3539
s2_b7_augmax_full_22.csv,S2-B7-augmax,s2,efficientnet-b7,full,full_data_23region,south_africa,85,0.483898,0.823268,0.587777,0.409342,5.9176,4.0,21.5857,74.0578
s2_b7_augmax_full_22.csv,S2-B7-augmax,s2,efficientnet-b7,full,full_data_23region,spain,216,0.198858,0.72418,0.274598,0.137094,84.6296,63.0,13.9457,39.7473
s2_b7_augmax_full_22.csv,S2-B7-augmax,s2,efficientnet-b7,full,full_data_23region,sweden,516,0.425466,0.820056,0.518825,0.358329,6.3721,4.0,19.1626,63.7477
s2_b7_augmax_full_22.csv,S2-B7-augmax,s2,efficientnet-b7,full,full_data_23region,vietnam,23,0.103056,0.638566,0.161387,0.052947,306.2609,246.0,9.689,16.4589
s2_b7_augmax_full_missing13.csv,S2-B7-augmax,s2,efficientnet-b7,full,full_data_13region,austria,745,0.333629,0.774171,0.430950,0.258033,26.5221,10.0000,10.5564,26.9876
s2_b7_augmax_full_missing13.csv,S2-B7-augmax,s2,efficientnet-b7,full,full_data_13region,brazil,188,0.335077,0.877796,0.381725,0.306917,4.7979,3.0000,41.5053,165.1366
s2_b7_augmax_full_missing13.csv,S2-B7-augmax,s2,efficientnet-b7,full,full_data_13region,corsica,258,0.091417,0.782191,0.116874,0.072316,3.3140,0.0000,17.8662,43.3635
s2_b7_augmax_full_missing13.csv,S2-B7-augmax,s2,efficientnet-b7,full,full_data_13region,denmark,332,0.498780,0.845036,0.590248,0.436609,5.1295,4.0000,16.8784,59.1277
s2_b7_augmax_full_missing13.csv,S2-B7-augmax,s2,efficientnet-b7,full,full_data_13region,estonia,684,0.425125,0.850251,0.500000,0.375358,3.9444,2.0000,17.2985,58.2004
s2_b7_augmax_full_missing13.csv,S2-B7-augmax,s2,efficientnet-b7,full,full_data_13region,finland,588,0.488515,0.806234,0.605922,0.401428,6.2772,4.0000,14.4109,44.1528
s2_b7_augmax_full_missing13.csv,S2-B7-augmax,s2,efficientnet-b7,full,full_data_13region,france,396,0.480134,0.817626,0.587229,0.402749,8.4621,6.0000,16.2258,55.8936
s2_b7_augmax_full_missing13.csv,S2-B7-augmax,s2,efficientnet-b7,full,full_data_13region,luxembourg,84,0.264667,0.765289,0.345839,0.200750,36.2857,33.5000,13.4589,34.5653
s2_b7_augmax_full_missing13.csv,S2-B7-augmax,s2,efficientnet-b7,full,full_data_13region,netherlands,388,0.254577,0.810599,0.314060,0.211038,10.3557,6.0000,13.9834,39.1838
s2_b7_augmax_full_missing13.csv,S2-B7-augmax,s2,efficientnet-b7,full,full_data_13region,rwanda,7,0.061946,0.685992,0.090301,0.037960,128.2857,124.0000,16.1727,38.5391
s2_b7_augmax_full_missing13.csv,S2-B7-augmax,s2,efficientnet-b7,full,full_data_13region,slovakia,408,0.504007,0.867679,0.580868,0.456539,3.5980,2.0000,24.6614,94.0258
s2_b7_augmax_full_missing13.csv,S2-B7-augmax,s2,efficientnet-b7,full,full_data_13region,spain,216,0.198858,0.724180,0.274598,0.137094,84.6296,63.0000,13.9457,39.7473
s2_b7_augmax_full_missing13.csv,S2-B7-augmax,s2,efficientnet-b7,full,full_data_13region,vietnam,23,0.103056,0.638566,0.161387,0.052947,306.2609,246.0000,9.6890,16.4589
s2_upsampled_b3_augmax_full.csv,S2-upsampled-B3-augmax,s2_upsampled,efficientnet-b3,full,heldout_11country,belgium,198,0.396888,0.803575,0.493903,0.324901,10.4040,8.0000,19.5735,57.4506
s2_upsampled_b3_augmax_full.csv,S2-upsampled-B3-augmax,s2_upsampled,efficientnet-b3,full,heldout_11country,cambodia,25,0.230531,0.660250,0.349157,0.129622,268.8800,252.0000,18.0463,31.8719
s2_upsampled_b3_augmax_full.csv,S2-upsampled-B3-augmax,s2_upsampled,efficientnet-b3,full,heldout_11country,croatia,353,0.324836,0.747979,0.434285,0.237506,16.8612,9.0000,21.3500,57.6528
s2_upsampled_b3_augmax_full.csv,S2-upsampled-B3-augmax,s2_upsampled,efficientnet-b3,full,heldout_11country,germany,350,0.373605,0.861720,0.433557,0.335671,6.5257,2.0000,38.6336,155.2303
s2_upsampled_b3_augmax_full.csv,S2-upsampled-B3-augmax,s2_upsampled,efficientnet-b3,full,heldout_11country,latvia,741,0.405631,0.839329,0.483280,0.352743,5.0351,3.0000,32.9409,115.5954
s2_upsampled_b3_augmax_full.csv,S2-upsampled-B3-augmax,s2_upsampled,efficientnet-b3,full,heldout_11country,lithuania,528,0.326452,0.805112,0.405474,0.268102,7.3580,4.0000,32.6191,114.0436
s2_upsampled_b3_augmax_full.csv,S2-upsampled-B3-augmax,s2_upsampled,efficientnet-b3,full,heldout_11country,portugal,10,0.018533,0.632698,0.029292,0.009601,101.9000,78.0000,20.5882,35.4772
s2_upsampled_b3_augmax_full.csv,S2-upsampled-B3-augmax,s2_upsampled,efficientnet-b3,full,heldout_11country,slovenia,228,0.215741,0.739898,0.291582,0.154905,29.1184,18.0000,17.8670,43.9296
s2_upsampled_b3_augmax_full.csv,S2-upsampled-B3-augmax,s2_upsampled,efficientnet-b3,full,heldout_11country,south_africa,85,0.419678,0.832565,0.504078,0.360196,7.8353,6.0000,43.8388,165.6592
s2_upsampled_b3_augmax_full.csv,S2-upsampled-B3-augmax,s2_upsampled,efficientnet-b3,full,heldout_11country,sweden,516,0.436940,0.829134,0.526983,0.373230,5.6880,3.0000,34.8132,122.8635
ftw_s2_prue_b3_full.csv,PRUE-B3-released,s2,efficientnet-b3,full,heldout_11country,belgium,198,0.529417,0.830438,0.637516,0.453692,11.7677,10.0000,8.6398,31.2300
ftw_s2_prue_b3_full.csv,PRUE-B3-released,s2,efficientnet-b3,full,heldout_11country,cambodia,25,0.215703,0.683137,0.315753,0.131567,332.0000,313.0000,8.3909,16.1737
ftw_s2_prue_b3_full.csv,PRUE-B3-released,s2,efficientnet-b3,full,heldout_11country,croatia,353,0.317572,0.764181,0.415572,0.240623,21.7309,12.0000,10.5922,30.5684
ftw_s2_prue_b3_full.csv,PRUE-B3-released,s2,efficientnet-b3,full,heldout_11country,germany,350,0.393355,0.866369,0.454027,0.355067,6.3371,2.0000,18.8988,77.3558
ftw_s2_prue_b3_full.csv,PRUE-B3-released,s2,efficientnet-b3,full,heldout_11country,kenya,55,0.002034,0.685899,0.002966,0.001229,168.0364,172.0000,9.9602,22.3042
ftw_s2_prue_b3_full.csv,PRUE-B3-released,s2,efficientnet-b3,full,heldout_11country,latvia,741,0.458679,0.851385,0.538744,0.406084,5.1404,3.0000,14.7974,51.7996
ftw_s2_prue_b3_full.csv,PRUE-B3-released,s2,efficientnet-b3,full,heldout_11country,lithuania,528,0.373978,0.810764,0.461267,0.309866,8.7917,5.0000,15.6117,54.9253
ftw_s2_prue_b3_full.csv,PRUE-B3-released,s2,efficientnet-b3,full,heldout_11country,portugal,10,0.010430,0.677963,0.015385,0.006496,107.8000,77.5000,11.9794,29.2922
ftw_s2_prue_b3_full.csv,PRUE-B3-released,s2,efficientnet-b3,full,heldout_11country,slovenia,228,0.239555,0.751741,0.318667,0.176577,29.8772,20.0000,8.7349,22.4524
ftw_s2_prue_b3_full.csv,PRUE-B3-released,s2,efficientnet-b3,full,heldout_11country,south_africa,85,0.316588,0.806169,0.392707,0.261150,10.1765,10.0000,25.1482,93.6647
ftw_s2_prue_b3_full.csv,PRUE-B3-released,s2,efficientnet-b3,full,heldout_11country,sweden,516,0.437558,0.835392,0.523776,0.377490,6.0775,4.0000,17.0193,64.1898
ftw_s2_prue_b7_full.csv,PRUE-B7-released,s2,efficientnet-b7,full,heldout_11country,belgium,198,0.566871,0.844353,0.671368,0.496319,11.1263,9.0000,7.7597,28.3240
ftw_s2_prue_b7_full.csv,PRUE-B7-released,s2,efficientnet-b7,full,heldout_11country,cambodia,25,0.272053,0.698561,0.389447,0.174554,289.9600,277.0000,7.6059,15.2285
ftw_s2_prue_b7_full.csv,PRUE-B7-released,s2,efficientnet-b7,full,heldout_11country,croatia,353,0.370082,0.785034,0.471422,0.292529,19.1615,9.0000,9.2213,29.0644
ftw_s2_prue_b7_full.csv,PRUE-B7-released,s2,efficientnet-b7,full,heldout_11country,germany,350,0.412655,0.876344,0.470883,0.377974,6.3400,2.0000,16.1357,71.5032
ftw_s2_prue_b7_full.csv,PRUE-B7-released,s2,efficientnet-b7,full,heldout_11country,kenya,55,0.001938,0.653874,0.002964,0.001108,229.4909,236.0000,9.8785,18.9305
ftw_s2_prue_b7_full.csv,PRUE-B7-released,s2,efficientnet-b7,full,heldout_11country,latvia,741,0.490214,0.864682,0.566930,0.442502,5.0054,3.0000,12.7951,47.9853
ftw_s2_prue_b7_full.csv,PRUE-B7-released,s2,efficientnet-b7,full,heldout_11country,lithuania,528,0.430018,0.827028,0.519956,0.366534,8.0170,4.0000,13.2994,50.2351
ftw_s2_prue_b7_full.csv,PRUE-B7-released,s2,efficientnet-b7,full,heldout_11country,portugal,10,0.013462,0.653462,0.020601,0.007382,108.3000,78.0000,9.1415,14.7573
ftw_s2_prue_b7_full.csv,PRUE-B7-released,s2,efficientnet-b7,full,heldout_11country,slovenia,228,0.267013,0.776535,0.343852,0.207599,29.4912,19.5000,7.5300,20.7922
ftw_s2_prue_b7_full.csv,PRUE-B7-released,s2,efficientnet-b7,full,heldout_11country,south_africa,85,0.455856,0.851325,0.535467,0.403893,7.7882,6.0000,18.1734,77.9237
ftw_s2_prue_b7_full.csv,PRUE-B7-released,s2,efficientnet-b7,full,heldout_11country,sweden,516,0.470910,0.848430,0.555037,0.415344,5.5000,4.0000,15.1605,59.9072
ftw_s2_prue_b3_ccby.csv,PRUE-B3-released,s2,efficientnet-b3,ccby,heldout_11country,belgium,198,0.462377,0.815450,0.567020,0.385685,11.1364,8.0000,9.6459,32.3762
ftw_s2_prue_b3_ccby.csv,PRUE-B3-released,s2,efficientnet-b3,ccby,heldout_11country,cambodia,25,0.147629,0.633626,0.232991,0.074155,353.6000,321.0000,10.3393,17.8244
ftw_s2_prue_b3_ccby.csv,PRUE-B3-released,s2,efficientnet-b3,ccby,heldout_11country,croatia,353,0.251120,0.720093,0.348733,0.170921,18.5354,9.0000,13.1014,32.5382
ftw_s2_prue_b3_ccby.csv,PRUE-B3-released,s2,efficientnet-b3,ccby,heldout_11country,germany,350,0.309620,0.850765,0.363931,0.273363,7.4314,3.0000,25.0203,98.0694
ftw_s2_prue_b3_ccby.csv,PRUE-B3-released,s2,efficientnet-b3,ccby,heldout_11country,kenya,55,0.002481,0.643779,0.003854,0.001321,128.5455,134.0000,11.8053,22.6538
ftw_s2_prue_b3_ccby.csv,PRUE-B3-released,s2,efficientnet-b3,ccby,heldout_11country,latvia,741,0.356574,0.824887,0.432270,0.302774,6.3401,4.0000,20.6939,71.6491
ftw_s2_prue_b3_ccby.csv,PRUE-B3-released,s2,efficientnet-b3,ccby,heldout_11country,lithuania,528,0.251553,0.790704,0.318138,0.201104,9.7538,5.0000,18.5890,66.1900
ftw_s2_prue_b3_ccby.csv,PRUE-B3-released,s2,efficientnet-b3,ccby,heldout_11country,portugal,10,0.015259,0.619496,0.024631,0.006897,103.0000,76.5000,10.6225,17.2063
ftw_s2_prue_b3_ccby.csv,PRUE-B3-released,s2,efficientnet-b3,ccby,heldout_11country,slovenia,228,0.148975,0.746048,0.199685,0.108378,35.7807,25.5000,9.8978,26.2435
ftw_s2_prue_b3_ccby.csv,PRUE-B3-released,s2,efficientnet-b3,ccby,heldout_11country,south_africa,85,0.387588,0.814391,0.475923,0.323435,6.7765,6.0000,23.4578,79.5898
ftw_s2_prue_b3_ccby.csv,PRUE-B3-released,s2,efficientnet-b3,ccby,heldout_11country,sweden,516,0.390614,0.834939,0.467835,0.337262,8.2810,6.0000,18.7327,66.1188
ftw_s2_prue_b7_ccby.csv,PRUE-B7-released,s2,efficientnet-b7,ccby,heldout_11country,belgium,198,0.487206,0.834019,0.584167,0.419719,10.4141,8.0000,8.5693,30.7106
ftw_s2_prue_b7_ccby.csv,PRUE-B7-released,s2,efficientnet-b7,ccby,heldout_11country,cambodia,25,0.187890,0.679875,0.276360,0.113588,379.0800,359.0000,9.0773,17.5623
ftw_s2_prue_b7_ccby.csv,PRUE-B7-released,s2,efficientnet-b7,ccby,heldout_11country,croatia,353,0.293368,0.751639,0.390305,0.216004,16.6827,7.0000,11.2292,31.1273
ftw_s2_prue_b7_ccby.csv,PRUE-B7-released,s2,efficientnet-b7,ccby,heldout_11country,germany,350,0.354910,0.868828,0.408493,0.321916,6.9629,2.5000,20.2666,85.7880
ftw_s2_prue_b7_ccby.csv,PRUE-B7-released,s2,efficientnet-b7,ccby,heldout_11country,kenya,55,0.002055,0.649454,0.003165,0.001088,180.2727,178.0000,10.7598,20.0459
ftw_s2_prue_b7_ccby.csv,PRUE-B7-released,s2,efficientnet-b7,ccby,heldout_11country,latvia,741,0.399107,0.848215,0.470526,0.351636,6.0000,4.0000,16.5358,62.0881
ftw_s2_prue_b7_ccby.csv,PRUE-B7-released,s2,efficientnet-b7,ccby,heldout_11country,lithuania,528,0.287307,0.808573,0.355326,0.237470,9.6477,5.0000,15.7933,57.7205
ftw_s2_prue_b7_ccby.csv,PRUE-B7-released,s2,efficientnet-b7,ccby,heldout_11country,portugal,10,0.006831,0.667174,0.010239,0.003925,107.6000,76.5000,8.5505,13.8569
ftw_s2_prue_b7_ccby.csv,PRUE-B7-released,s2,efficientnet-b7,ccby,heldout_11country,slovenia,228,0.184153,0.771646,0.238650,0.141752,33.5351,25.0000,8.2954,22.6602
ftw_s2_prue_b7_ccby.csv,PRUE-B7-released,s2,efficientnet-b7,ccby,heldout_11country,south_africa,85,0.406416,0.834204,0.487190,0.350630,7.8941,6.0000,19.6863,72.1864
ftw_s2_prue_b7_ccby.csv,PRUE-B7-released,s2,efficientnet-b7,ccby,heldout_11country,sweden,516,0.422042,0.846803,0.498395,0.370854,7.9806,6.0000,16.6643,62.4002
delineate_anything_conf0005.csv,DelineateAnything-conf0.005,planet,yolo11x-seg,zeroshot,full_data_25region,austria,445,0.104330,0.722868,0.144328,0.072535,50.2022,33.0000,8.7740,25.7418
delineate_anything_conf0005.csv,DelineateAnything-conf0.005,planet,yolo11x-seg,zeroshot,full_data_25region,belgium,146,0.182898,0.771422,0.237092,0.141788,43.8630,35.5000,7.0976,19.8501
delineate_anything_conf0005.csv,DelineateAnything-conf0.005,planet,yolo11x-seg,zeroshot,full_data_25region,brazil,187,0.120652,0.742857,0.162416,0.087383,3.7647,3.0000,55.8363,118.3982
delineate_anything_conf0005.csv,DelineateAnything-conf0.005,planet,yolo11x-seg,zeroshot,full_data_25region,cambodia,16,0.025537,0.677199,0.037710,0.015278,561.1250,537.5000,7.0168,14.2096
delineate_anything_conf0005.csv,DelineateAnything-conf0.005,planet,yolo11x-seg,zeroshot,full_data_25region,corsica,163,0.117116,0.747810,0.156612,0.087575,8.2393,1.0000,11.6057,31.3211
delineate_anything_conf0005.csv,DelineateAnything-conf0.005,planet,yolo11x-seg,zeroshot,full_data_25region,croatia,349,0.130008,0.706498,0.184018,0.086970,25.1862,17.0000,9.2424,25.8190
delineate_anything_conf0005.csv,DelineateAnything-conf0.005,planet,yolo11x-seg,zeroshot,full_data_25region,denmark,281,0.224394,0.794466,0.282446,0.183486,25.1068,20.0000,15.0842,45.8105
delineate_anything_conf0005.csv,DelineateAnything-conf0.005,planet,yolo11x-seg,zeroshot,full_data_25region,estonia,445,0.172127,0.777548,0.221372,0.137278,7.1101,4.0000,15.4317,50.0926
delineate_anything_conf0005.csv,DelineateAnything-conf0.005,planet,yolo11x-seg,zeroshot,full_data_25region,finland,359,0.316125,0.780168,0.405201,0.250898,13.6992,8.0000,8.6155,25.3257
delineate_anything_conf0005.csv,DelineateAnything-conf0.005,planet,yolo11x-seg,zeroshot,full_data_25region,france,275,0.182873,0.768806,0.237866,0.142187,25.2945,18.0000,14.2883,43.1950
delineate_anything_conf0005.csv,DelineateAnything-conf0.005,planet,yolo11x-seg,zeroshot,full_data_25region,germany,252,0.129621,0.786482,0.164811,0.103229,7.3333,4.0000,24.9817,73.3498
delineate_anything_conf0005.csv,DelineateAnything-conf0.005,planet,yolo11x-seg,zeroshot,full_data_25region,india,15,0.000000,0.000000,0.000000,0.000000,60.8000,5.0000,nan,nan
delineate_anything_conf0005.csv,DelineateAnything-conf0.005,planet,yolo11x-seg,zeroshot,full_data_25region,kenya,47,0.002029,0.643419,0.003153,0.001025,104.6596,101.0000,7.0844,10.9107
delineate_anything_conf0005.csv,DelineateAnything-conf0.005,planet,yolo11x-seg,zeroshot,full_data_25region,latvia,703,0.164114,0.767758,0.213758,0.127273,8.9004,6.0000,18.9808,58.0912
delineate_anything_conf0005.csv,DelineateAnything-conf0.005,planet,yolo11x-seg,zeroshot,full_data_25region,lithuania,403,0.143401,0.756097,0.189660,0.108497,20.0794,13.0000,13.3526,42.8413
delineate_anything_conf0005.csv,DelineateAnything-conf0.005,planet,yolo11x-seg,zeroshot,full_data_25region,luxembourg,66,0.247144,0.724055,0.341333,0.172919,54.0152,41.0000,8.9981,24.8046
delineate_anything_conf0005.csv,DelineateAnything-conf0.005,planet,yolo11x-seg,zeroshot,full_data_25region,netherlands,253,0.123373,0.782524,0.157660,0.098696,56.0277,46.0000,8.6708,24.8266
delineate_anything_conf0005.csv,DelineateAnything-conf0.005,planet,yolo11x-seg,zeroshot,full_data_25region,portugal,2,0.123661,0.657999,0.187935,0.072854,142.0000,142.0000,6.0308,13.7906
delineate_anything_conf0005.csv,DelineateAnything-conf0.005,planet,yolo11x-seg,zeroshot,full_data_25region,rwanda,6,0.070160,0.759234,0.092409,0.051485,23.5000,15.0000,13.7466,36.0071
delineate_anything_conf0005.csv,DelineateAnything-conf0.005,planet,yolo11x-seg,zeroshot,full_data_25region,slovakia,369,0.243235,0.793905,0.306378,0.197918,14.4363,9.0000,23.9322,71.2443
delineate_anything_conf0005.csv,DelineateAnything-conf0.005,planet,yolo11x-seg,zeroshot,full_data_25region,slovenia,214,0.086893,0.707554,0.122807,0.057966,25.4579,15.0000,6.9758,17.9655
delineate_anything_conf0005.csv,DelineateAnything-conf0.005,planet,yolo11x-seg,zeroshot,full_data_25region,south_africa,43,0.213761,0.781521,0.273519,0.168990,10.8372,8.0000,16.0580,50.1585
delineate_anything_conf0005.csv,DelineateAnything-conf0.005,planet,yolo11x-seg,zeroshot,full_data_25region,spain,172,0.119611,0.711157,0.168192,0.080196,75.0174,59.0000,9.3660,25.1052
delineate_anything_conf0005.csv,DelineateAnything-conf0.005,planet,yolo11x-seg,zeroshot,full_data_25region,sweden,416,0.264463,0.789765,0.334863,0.214183,13.0649,8.0000,12.3479,39.8838
delineate_anything_conf0005.csv,DelineateAnything-conf0.005,planet,yolo11x-seg,zeroshot,full_data_25region,vietnam,21,0.017288,0.651217,0.026547,0.009476,420.6667,349.0000,7.5354,14.4739
delineate_anything_conf010.csv,DelineateAnything-conf0.10,planet,yolo11x-seg,zeroshot,full_data_25region,austria,445,0.060019,0.737406,0.081392,0.043101,49.6764,27.0000,9.9508,30.6639
delineate_anything_conf010.csv,DelineateAnything-conf0.10,planet,yolo11x-seg,zeroshot,full_data_25region,belgium,146,0.131976,0.797952,0.165393,0.106787,25.4452,23.0000,7.2328,21.3504
delineate_anything_conf010.csv,DelineateAnything-conf0.10,planet,yolo11x-seg,zeroshot,full_data_25region,brazil,187,0.080812,0.752463,0.107396,0.059980,3.5455,3.0000,54.4418,111.5208
delineate_anything_conf010.csv,DelineateAnything-conf0.10,planet,yolo11x-seg,zeroshot,full_data_25region,cambodia,16,0.000277,0.669001,0.000414,0.000145,603.3125,606.0000,6.1251,8.0437
delineate_anything_conf010.csv,DelineateAnything-conf0.10,planet,yolo11x-seg,zeroshot,full_data_25region,corsica,163,0.086126,0.789006,0.109158,0.068825,4.0675,0.0000,11.3015,32.1509
delineate_anything_conf010.csv,DelineateAnything-conf0.10,planet,yolo11x-seg,zeroshot,full_data_25region,croatia,349,0.072210,0.731586,0.098703,0.051031,35.1347,20.0000,11.5305,34.1528
delineate_anything_conf010.csv,DelineateAnything-conf0.10,planet,yolo11x-seg,zeroshot,full_data_25region,denmark,281,0.158785,0.822009,0.193167,0.134739,13.4840,13.0000,15.4494,47.7370
delineate_anything_conf010.csv,DelineateAnything-conf0.10,planet,yolo11x-seg,zeroshot,full_data_25region,estonia,445,0.131353,0.802207,0.163740,0.108385,6.1124,4.0000,16.1638,51.0127
delineate_anything_conf010.csv,DelineateAnything-conf0.10,planet,yolo11x-seg,zeroshot,full_data_25region,finland,359,0.273121,0.795751,0.343224,0.221271,8.6379,6.0000,9.3188,26.4029
delineate_anything_conf010.csv,DelineateAnything-conf0.10,planet,yolo11x-seg,zeroshot,full_data_25region,france,275,0.138283,0.779741,0.177345,0.108915,19.3018,15.0000,14.8330,42.8822
delineate_anything_conf010.csv,DelineateAnything-conf0.10,planet,yolo11x-seg,zeroshot,full_data_25region,germany,252,0.022712,0.810283,0.028030,0.018712,9.5159,7.0000,26.0313,60.4482
delineate_anything_conf010.csv,DelineateAnything-conf0.10,planet,yolo11x-seg,zeroshot,full_data_25region,india,15,0.000000,0.000000,0.000000,0.000000,4.5333,5.0000,nan,nan
delineate_anything_conf010.csv,DelineateAnything-conf0.10,planet,yolo11x-seg,zeroshot,full_data_25region,kenya,47,0.000000,0.000000,0.000000,0.000000,8.4681,3.0000,nan,nan
delineate_anything_conf010.csv,DelineateAnything-conf0.10,planet,yolo11x-seg,zeroshot,full_data_25region,latvia,703,0.116741,0.781587,0.149364,0.092128,7.8023,5.0000,22.0976,63.7640
delineate_anything_conf010.csv,DelineateAnything-conf0.10,planet,yolo11x-seg,zeroshot,full_data_25region,lithuania,403,0.072729,0.756078,0.096193,0.054227,16.2010,11.0000,16.8663,54.4268
delineate_anything_conf010.csv,DelineateAnything-conf0.10,planet,yolo11x-seg,zeroshot,full_data_25region,luxembourg,66,0.269348,0.737646,0.365145,0.192631,13.6818,11.0000,8.8850,24.0694
delineate_anything_conf010.csv,DelineateAnything-conf0.10,planet,yolo11x-seg,zeroshot,full_data_25region,netherlands,253,0.130466,0.791716,0.164789,0.105260,17.6324,11.0000,9.3846,26.6422
delineate_anything_conf010.csv,DelineateAnything-conf0.10,planet,yolo11x-seg,zeroshot,full_data_25region,portugal,2,0.067162,0.695326,0.096591,0.042614,116.0000,116.0000,6.0958,12.7233
delineate_anything_conf010.csv,DelineateAnything-conf0.10,planet,yolo11x-seg,zeroshot,full_data_25region,rwanda,6,0.021525,0.769519,0.027972,0.015385,17.8333,16.5000,15.5825,23.5584
delineate_anything_conf010.csv,DelineateAnything-conf0.10,planet,yolo11x-seg,zeroshot,full_data_25region,slovakia,369,0.286973,0.812471,0.353210,0.239405,5.0271,3.0000,23.2232,65.8050
delineate_anything_conf010.csv,DelineateAnything-conf0.10,planet,yolo11x-seg,zeroshot,full_data_25region,slovenia,214,0.030050,0.753552,0.039878,0.022191,40.8271,25.0000,7.4613,24.7026
delineate_anything_conf010.csv,DelineateAnything-conf0.10,planet,yolo11x-seg,zeroshot,full_data_25region,south_africa,43,0.040976,0.813045,0.050398,0.034483,15.2558,13.0000,19.1060,59.7478
delineate_anything_conf010.csv,DelineateAnything-conf0.10,planet,yolo11x-seg,zeroshot,full_data_25region,spain,172,0.055419,0.726989,0.076231,0.038555,113.7500,95.0000,9.6039,26.3263
delineate_anything_conf010.csv,DelineateAnything-conf0.10,planet,yolo11x-seg,zeroshot,full_data_25region,sweden,416,0.211779,0.811573,0.260948,0.176893,9.3966,7.0000,13.3758,45.6235
delineate_anything_conf010.csv,DelineateAnything-conf0.10,planet,yolo11x-seg,zeroshot,full_data_25region,vietnam,21,0.001791,0.700866,0.002555,0.001140,470.4286,391.0000,6.1296,10.4267
delineate_anything_conf025.csv,DelineateAnything-conf0.25,planet,yolo11x-seg,zeroshot,full_data_25region,austria,445,0.040262,0.747258,0.053880,0.029452,54.2854,36.0000,10.5586,31.3909
delineate_anything_conf025.csv,DelineateAnything-conf0.25,planet,yolo11x-seg,zeroshot,full_data_25region,belgium,146,0.078483,0.807377,0.097208,0.064564,30.4932,28.0000,7.3226,21.5997
delineate_anything_conf025.csv,DelineateAnything-conf0.25,planet,yolo11x-seg,zeroshot,full_data_25region,brazil,187,0.056479,0.757328,0.074576,0.042260,3.6631,3.0000,49.6198,91.7404
delineate_anything_conf025.csv,DelineateAnything-conf0.25,planet,yolo11x-seg,zeroshot,full_data_25region,cambodia,16,0.000000,0.000000,0.000000,0.000000,603.7500,606.5000,nan,nan
delineate_anything_conf025.csv,DelineateAnything-conf0.25,planet,yolo11x-seg,zeroshot,full_data_25region,corsica,163,0.036604,0.773676,0.047312,0.028817,4.6994,0.0000,14.6112,34.3332
delineate_anything_conf025.csv,DelineateAnything-conf0.25,planet,yolo11x-seg,zeroshot,full_data_25region,croatia,349,0.050063,0.746730,0.067042,0.036438,40.8252,27.0000,12.5552,41.1193
delineate_anything_conf025.csv,DelineateAnything-conf0.25,planet,yolo11x-seg,zeroshot,full_data_25region,denmark,281,0.085386,0.832298,0.102590,0.073269,15.4840,16.0000,14.8861,45.7910
delineate_anything_conf025.csv,DelineateAnything-conf0.25,planet,yolo11x-seg,zeroshot,full_data_25region,estonia,445,0.090148,0.810153,0.111273,0.075559,6.7955,5.0000,17.2967,51.8612
delineate_anything_conf025.csv,DelineateAnything-conf0.25,planet,yolo11x-seg,zeroshot,full_data_25region,finland,359,0.192286,0.812991,0.236517,0.160695,12.4150,9.0000,9.0855,26.2391
delineate_anything_conf025.csv,DelineateAnything-conf0.25,planet,yolo11x-seg,zeroshot,full_data_25region,france,275,0.101543,0.790226,0.128498,0.081390,22.1055,19.0000,14.8267,45.5634
delineate_anything_conf025.csv,DelineateAnything-conf0.25,planet,yolo11x-seg,zeroshot,full_data_25region,germany,252,0.007150,0.831361,0.008600,0.006177,9.8095,7.0000,32.2942,80.7923
delineate_anything_conf025.csv,DelineateAnything-conf0.25,planet,yolo11x-seg,zeroshot,full_data_25region,india,15,0.000000,0.000000,0.000000,0.000000,4.8667,5.0000,nan,nan
delineate_anything_conf025.csv,DelineateAnything-conf0.25,planet,yolo11x-seg,zeroshot,full_data_25region,kenya,47,0.000000,0.000000,0.000000,0.000000,3.3191,2.0000,nan,nan
delineate_anything_conf025.csv,DelineateAnything-conf0.25,planet,yolo11x-seg,zeroshot,full_data_25region,latvia,703,0.087008,0.787246,0.110523,0.069252,8.7895,6.0000,22.7683,61.6964
delineate_anything_conf025.csv,DelineateAnything-conf0.25,planet,yolo11x-seg,zeroshot,full_data_25region,lithuania,403,0.041558,0.757332,0.054874,0.031033,18.7122,13.0000,17.6584,54.2429
delineate_anything_conf025.csv,DelineateAnything-conf0.25,planet,yolo11x-seg,zeroshot,full_data_25region,luxembourg,66,0.234900,0.742895,0.316196,0.169640,25.4091,21.0000,9.0856,24.5492
delineate_anything_conf025.csv,DelineateAnything-conf0.25,planet,yolo11x-seg,zeroshot,full_data_25region,netherlands,253,0.094466,0.793728,0.119016,0.076381,16.5968,9.0000,10.2040,30.9174
delineate_anything_conf025.csv,DelineateAnything-conf0.25,planet,yolo11x-seg,zeroshot,full_data_25region,portugal,2,0.014448,0.727239,0.019868,0.009934,141.0000,141.0000,6.1193,6.7640
delineate_anything_conf025.csv,DelineateAnything-conf0.25,planet,yolo11x-seg,zeroshot,full_data_25region,rwanda,6,0.013519,0.898980,0.015038,0.012030,19.5000,21.5000,6.7204,6.7204
delineate_anything_conf025.csv,DelineateAnything-conf0.25,planet,yolo11x-seg,zeroshot,full_data_25region,slovakia,369,0.262892,0.820694,0.320329,0.222505,5.1734,4.0000,22.6981,62.8900
delineate_anything_conf025.csv,DelineateAnything-conf0.25,planet,yolo11x-seg,zeroshot,full_data_25region,slovenia,214,0.015224,0.762460,0.019967,0.011432,43.4252,26.0000,7.7669,25.3834
delineate_anything_conf025.csv,DelineateAnything-conf0.25,planet,yolo11x-seg,zeroshot,full_data_25region,south_africa,43,0.012258,0.877671,0.013966,0.011173,16.1395,16.0000,13.1861,28.9987
delineate_anything_conf025.csv,DelineateAnything-conf0.25,planet,yolo11x-seg,zeroshot,full_data_25region,spain,172,0.028256,0.732191,0.038591,0.019839,121.3547,97.5000,10.0019,28.0736
delineate_anything_conf025.csv,DelineateAnything-conf0.25,planet,yolo11x-seg,zeroshot,full_data_25region,sweden,416,0.155022,0.822222,0.188541,0.131166,11.6851,10.0000,13.5581,47.2554
delineate_anything_conf025.csv,DelineateAnything-conf0.25,planet,yolo11x-seg,zeroshot,full_data_25region,vietnam,21,0.000558,0.704101,0.000793,0.000357,474.5238,398.0000,6.7768,10.2429
